filename,category,seller_nip,total_gross
faktura_001.pdf,IT_SERVICES,1234567890,482.0
faktura_002.pdf,TRAVEL_FLEET,5261040828,2982.16
faktura_003.pdf,OFFICE_SUPPLIES,9876543210,1837.25
faktura_004.pdf,IT_HARDWARE,5213456789,4551.92
faktura_005.pdf,IT_SERVICES,1234567890,3937.96
faktura_006.pdf,IT_SERVICES,1234567890,3132.59
faktura_007.pdf,IT_HARDWARE,1341338901,899.18
faktura_008.pdf,IT_SERVICES,1234567890,2176.44
faktura_009.pdf,IT_HARDWARE,5213456789,6238.56
faktura_010.pdf,TRAVEL_FLEET,5261040828,2487.5
faktura_011.pdf,IT_HARDWARE,5213456789,5515.48
faktura_012.pdf,IT_SERVICES,1234567890,4697.67
faktura_013.pdf,TRAVEL_FLEET,5261040828,1952.31
faktura_014.pdf,OFFICE_SUPPLIES,9876543210,2547.77
faktura_015.pdf,TRAVEL_FLEET,5261040828,3198.11
faktura_016.pdf,IT_HARDWARE,2161615593,4850.13
faktura_017.pdf,TRAVEL_FLEET,5261040828,4584.73
faktura_018.pdf,IT_HARDWARE,5213456789,7196.05
faktura_019.pdf,OFFICE_SUPPLIES,9876543210,8165.88
faktura_020.pdf,OFFICE_SUPPLIES,9876543210,2245.1
faktura_021.pdf,TRAVEL_FLEET,5261040828,751.42
faktura_022.pdf,TRAVEL_FLEET,7883103416,4047.99
faktura_023.pdf,OFFICE_SUPPLIES,9876543210,1714.08
faktura_024.pdf,TRAVEL_FLEET,5261040828,5120.83
faktura_025.pdf,OFFICE_SUPPLIES,9876543210,614.45
faktura_026.pdf,TRAVEL_FLEET,5261040828,3717.29
faktura_027.pdf,IT_HARDWARE,9491928324,1524.98
faktura_028.pdf,TRAVEL_FLEET,3585030566,67.99
faktura_029.pdf,OFFICE_SUPPLIES,9876543210,6007.59
faktura_030.pdf,IT_SERVICES,1234567890,1806.86
faktura_031.pdf,IT_SERVICES,1234567890,1821.93
faktura_032.pdf,IT_HARDWARE,2634238847,2627.02
faktura_033.pdf,IT_HARDWARE,5213456789,2656.55
faktura_034.pdf,IT_SERVICES,1234567890,3000.52
faktura_035.pdf,IT_SERVICES,1234567890,2022.93
faktura_036.pdf,IT_HARDWARE,5213456789,6602.24
faktura_037.pdf,IT_SERVICES,1234567890,5950.73
faktura_038.pdf,TRAVEL_FLEET,5261040828,4783.21
faktura_039.pdf,IT_SERVICES,1234567890,1972.92
faktura_040.pdf,IT_SERVICES,1234567890,548.43
faktura_041.pdf,OFFICE_SUPPLIES,9876543210,5563.97
faktura_042.pdf,IT_HARDWARE,5213456789,3761.01
faktura_043.pdf,IT_HARDWARE,3958018458,5573.46
faktura_044.pdf,IT_HARDWARE,1044828145,2717.65
faktura_045.pdf,IT_SERVICES,1234567890,2716.04
faktura_046.pdf,OFFICE_SUPPLIES,1019570155,2522.29
faktura_047.pdf,IT_HARDWARE,5213456789,2050.51
faktura_048.pdf,TRAVEL_FLEET,5261040828,3705.82
faktura_049.pdf,TRAVEL_FLEET,5261040828,599.61
faktura_050.pdf,OFFICE_SUPPLIES,9876543210,3490.99
faktura_051.pdf,IT_HARDWARE,2432782482,3003.83
faktura_052.pdf,IT_HARDWARE,5213456789,5757.17
faktura_053.pdf,TRAVEL_FLEET,5261040828,5278.17
faktura_054.pdf,OFFICE_SUPPLIES,9876543210,4836.35
faktura_055.pdf,IT_SERVICES,1234567890,3699.44
faktura_056.pdf,IT_SERVICES,1234567890,3489.01
faktura_057.pdf,OFFICE_SUPPLIES,9876543210,6754.4
faktura_058.pdf,IT_HARDWARE,5213456789,2751.53
faktura_059.pdf,IT_HARDWARE,5213456789,212.84
faktura_060.pdf,TRAVEL_FLEET,7623930105,5111.77
faktura_061.pdf,OFFICE_SUPPLIES,7163473823,6559.68
faktura_062.pdf,IT_SERVICES,1234567890,2106.52
faktura_063.pdf,TRAVEL_FLEET,5261040828,758.41
faktura_064.pdf,TRAVEL_FLEET,5261040828,3011.1
faktura_065.pdf,OFFICE_SUPPLIES,9876543210,5362.71
faktura_066.pdf,OFFICE_SUPPLIES,6540106515,3642.29
faktura_067.pdf,OFFICE_SUPPLIES,9876543210,2794.54
faktura_068.pdf,OFFICE_SUPPLIES,9876543210,609.15
faktura_069.pdf,IT_HARDWARE,5213456789,3559.46
faktura_070.pdf,TRAVEL_FLEET,5261040828,4761.76
faktura_071.pdf,TRAVEL_FLEET,5261040828,1305.89
faktura_072.pdf,TRAVEL_FLEET,5261040828,4831.12
faktura_073.pdf,IT_HARDWARE,5213456789,1140.47
faktura_074.pdf,IT_HARDWARE,5213456789,368.58
faktura_075.pdf,TRAVEL_FLEET,2896773607,4337.17
faktura_076.pdf,OFFICE_SUPPLIES,9876543210,2956.83
faktura_077.pdf,OFFICE_SUPPLIES,9876543210,1917.56
faktura_078.pdf,OFFICE_SUPPLIES,9876543210,5193.05
faktura_079.pdf,OFFICE_SUPPLIES,9876543210,1778.74
faktura_080.pdf,OFFICE_SUPPLIES,9876543210,3166.49
faktura_081.pdf,IT_SERVICES,1234567890,4084.76
faktura_082.pdf,OFFICE_SUPPLIES,9876543210,2228.34
faktura_083.pdf,IT_SERVICES,1234567890,4784.94
faktura_084.pdf,IT_SERVICES,1234567890,1066.95
faktura_085.pdf,IT_HARDWARE,5213456789,2287.28
faktura_086.pdf,IT_SERVICES,1234567890,954.23
faktura_087.pdf,TRAVEL_FLEET,5261040828,6889.74
faktura_088.pdf,OFFICE_SUPPLIES,9876543210,1791.45
faktura_089.pdf,IT_SERVICES,1234567890,822.34
faktura_090.pdf,TRAVEL_FLEET,5261040828,3930.46
faktura_091.pdf,IT_SERVICES,1234567890,418.46
faktura_092.pdf,IT_HARDWARE,5213456789,4146.37
faktura_093.pdf,TRAVEL_FLEET,5261040828,859.01
faktura_094.pdf,IT_HARDWARE,5213456789,4909.08
faktura_095.pdf,IT_SERVICES,1234567890,7226.43
faktura_096.pdf,IT_HARDWARE,5213456789,1826.69
faktura_097.pdf,OFFICE_SUPPLIES,9876543210,6021.49
faktura_098.pdf,OFFICE_SUPPLIES,9876543210,2984.31
faktura_099.pdf,IT_SERVICES,4784353462,3919.28
faktura_100.pdf,OFFICE_SUPPLIES,9876543210,1110.08
faktura_101.pdf,TRAVEL_FLEET,5261040828,1301.99
faktura_102.pdf,OFFICE_SUPPLIES,9876543210,5030.13
faktura_103.pdf,TRAVEL_FLEET,2141838427,4119.55
faktura_104.pdf,IT_HARDWARE,5213456789,3547.43
faktura_105.pdf,IT_HARDWARE,5213456789,5119.76
faktura_106.pdf,TRAVEL_FLEET,5261040828,5057.39
faktura_107.pdf,IT_HARDWARE,5213456789,4304.43
faktura_108.pdf,OFFICE_SUPPLIES,9876543210,1875.04
faktura_109.pdf,OFFICE_SUPPLIES,9118412417,4857.51
faktura_110.pdf,IT_HARDWARE,4399353482,4685.42
faktura_111.pdf,IT_HARDWARE,5213456789,3415.16
faktura_112.pdf,OFFICE_SUPPLIES,1510524375,107.75
faktura_113.pdf,IT_HARDWARE,5213456789,2416.63
faktura_114.pdf,OFFICE_SUPPLIES,9876543210,7622.95
faktura_115.pdf,TRAVEL_FLEET,7948262041,6748.39
faktura_116.pdf,TRAVEL_FLEET,5261040828,1112.67
faktura_117.pdf,IT_SERVICES,1234567890,2162.35
faktura_118.pdf,TRAVEL_FLEET,5261040828,4141.25
faktura_119.pdf,TRAVEL_FLEET,5261040828,1992.76
faktura_120.pdf,IT_SERVICES,5859232267,5483.25
faktura_121.pdf,OFFICE_SUPPLIES,9876543210,7012.69
faktura_122.pdf,TRAVEL_FLEET,5261040828,4994.05
faktura_123.pdf,IT_HARDWARE,5213456789,4190.44
faktura_124.pdf,IT_SERVICES,1234567890,3098.26
faktura_125.pdf,IT_SERVICES,1234567890,2815.99
faktura_126.pdf,IT_SERVICES,6573375433,6422.9
faktura_127.pdf,IT_SERVICES,4361458685,103.44
faktura_128.pdf,IT_SERVICES,1234567890,5822.93
faktura_129.pdf,IT_SERVICES,1234567890,5611.07
faktura_130.pdf,TRAVEL_FLEET,5261040828,3062.72
faktura_131.pdf,IT_HARDWARE,5213456789,4382.96
faktura_132.pdf,IT_HARDWARE,5213456789,4808.11
faktura_133.pdf,IT_SERVICES,1234567890,1401.59
faktura_134.pdf,TRAVEL_FLEET,5619340603,4116.04
faktura_135.pdf,IT_HARDWARE,5213456789,2999.32
faktura_136.pdf,IT_HARDWARE,5213456789,6690.64
faktura_137.pdf,IT_HARDWARE,8975951489,2467.82
faktura_138.pdf,TRAVEL_FLEET,5261040828,1141.06
faktura_139.pdf,TRAVEL_FLEET,5261040828,219.41
faktura_140.pdf,TRAVEL_FLEET,5261040828,1998.27
faktura_141.pdf,TRAVEL_FLEET,5261040828,3021.48
faktura_142.pdf,OFFICE_SUPPLIES,9876543210,1032.18
faktura_143.pdf,IT_SERVICES,1234567890,3675.11
faktura_144.pdf,IT_HARDWARE,4626804434,3863.45
faktura_145.pdf,TRAVEL_FLEET,5261040828,3255.26
faktura_146.pdf,OFFICE_SUPPLIES,9876543210,2568.04
faktura_147.pdf,IT_SERVICES,1234567890,1828.81
faktura_148.pdf,OFFICE_SUPPLIES,9876543210,1144.8
faktura_149.pdf,IT_HARDWARE,5213456789,737.26
faktura_150.pdf,IT_SERVICES,1234567890,1791.56
faktura_151.pdf,TRAVEL_FLEET,5261040828,6082.58
faktura_152.pdf,IT_HARDWARE,5213456789,5622.49
faktura_153.pdf,OFFICE_SUPPLIES,9876543210,3412.68
faktura_154.pdf,IT_HARDWARE,9164332008,2092.5
faktura_155.pdf,OFFICE_SUPPLIES,9876543210,3221.21
faktura_156.pdf,TRAVEL_FLEET,5261040828,2270.26
faktura_157.pdf,TRAVEL_FLEET,3316763203,969.83
faktura_158.pdf,IT_SERVICES,1234567890,2397.42
faktura_159.pdf,IT_HARDWARE,5213456789,2965.38
faktura_160.pdf,OFFICE_SUPPLIES,1578317277,5189.16
faktura_161.pdf,OFFICE_SUPPLIES,9876543210,5237.16
faktura_162.pdf,IT_SERVICES,1234567890,4670.76
faktura_163.pdf,IT_SERVICES,1234567890,1204.16
faktura_164.pdf,TRAVEL_FLEET,5261040828,1459.63
faktura_165.pdf,IT_SERVICES,1234567890,2635.42
faktura_166.pdf,IT_SERVICES,1234567890,4224.1
faktura_167.pdf,TRAVEL_FLEET,5261040828,5944.47
faktura_168.pdf,IT_HARDWARE,5213456789,373.4
faktura_169.pdf,TRAVEL_FLEET,6743471438,6882.53
faktura_170.pdf,IT_SERVICES,1234567890,2326.67
faktura_171.pdf,TRAVEL_FLEET,5261040828,7075.28
faktura_172.pdf,IT_HARDWARE,5213456789,3409.04
faktura_173.pdf,OFFICE_SUPPLIES,9876543210,4497.6
faktura_174.pdf,IT_HARDWARE,5213456789,1220.25
faktura_175.pdf,TRAVEL_FLEET,5261040828,6487.75
faktura_176.pdf,IT_HARDWARE,5213456789,6372.63
faktura_177.pdf,OFFICE_SUPPLIES,9876543210,994.09
faktura_178.pdf,IT_HARDWARE,3446690968,4786.57
faktura_179.pdf,IT_HARDWARE,5213456789,2692.29
faktura_180.pdf,IT_SERVICES,1234567890,4165.25
faktura_181.pdf,OFFICE_SUPPLIES,9876543210,2522.63
faktura_182.pdf,OFFICE_SUPPLIES,3597346708,1574.3
faktura_183.pdf,TRAVEL_FLEET,5261040828,1381.94
faktura_184.pdf,IT_HARDWARE,5213456789,2826.07
faktura_185.pdf,IT_HARDWARE,5213456789,3621.44
faktura_186.pdf,OFFICE_SUPPLIES,9876543210,777.63
faktura_187.pdf,OFFICE_SUPPLIES,9876543210,5827.48
faktura_188.pdf,IT_HARDWARE,5213456789,2700.66
faktura_189.pdf,TRAVEL_FLEET,5261040828,4693.47
faktura_190.pdf,TRAVEL_FLEET,5261040828,2829.82
faktura_191.pdf,IT_SERVICES,1234567890,1123.15
faktura_192.pdf,IT_HARDWARE,5213456789,4723.84
faktura_193.pdf,IT_HARDWARE,5213456789,2730.83
faktura_194.pdf,OFFICE_SUPPLIES,3497556464,4106.18
faktura_195.pdf,IT_SERVICES,7450531008,2645.21
faktura_196.pdf,OFFICE_SUPPLIES,3812719378,3315.55
faktura_197.pdf,TRAVEL_FLEET,5261040828,6121.9
faktura_198.pdf,IT_SERVICES,1234567890,5363.2
faktura_199.pdf,IT_SERVICES,1234567890,3426.63
faktura_200.pdf,IT_HARDWARE,7890496635,3837.09
faktura_201.pdf,TRAVEL_FLEET,3851491904,6464.4
faktura_202.pdf,OFFICE_SUPPLIES,9876543210,3095.61
faktura_203.pdf,OFFICE_SUPPLIES,9876543210,4796.61
faktura_204.pdf,IT_HARDWARE,5213456789,581.8
faktura_205.pdf,IT_SERVICES,6791757262,3620.83
faktura_206.pdf,IT_HARDWARE,5213456789,5478.58
faktura_207.pdf,TRAVEL_FLEET,5261040828,4207.21
faktura_208.pdf,OFFICE_SUPPLIES,9876543210,5205.75
faktura_209.pdf,OFFICE_SUPPLIES,9876543210,5120.05
faktura_210.pdf,IT_HARDWARE,5213456789,2600.79
faktura_211.pdf,IT_HARDWARE,5213456789,2791.94
faktura_212.pdf,IT_SERVICES,1234567890,4233.59
faktura_213.pdf,TRAVEL_FLEET,5261040828,198.5
faktura_214.pdf,OFFICE_SUPPLIES,9876543210,3767.18
faktura_215.pdf,TRAVEL_FLEET,5261040828,3861.73
faktura_216.pdf,IT_SERVICES,1234567890,4348.63
faktura_217.pdf,IT_SERVICES,1234567890,1289.29
faktura_218.pdf,OFFICE_SUPPLIES,4135494800,2512.91
faktura_219.pdf,IT_HARDWARE,5213456789,4270.93
faktura_220.pdf,OFFICE_SUPPLIES,9377770146,1819.4
faktura_221.pdf,OFFICE_SUPPLIES,9876543210,6695.33
faktura_222.pdf,IT_SERVICES,1234567890,215.67
faktura_223.pdf,IT_SERVICES,1234567890,1581.08
faktura_224.pdf,TRAVEL_FLEET,5261040828,1248.52
faktura_225.pdf,IT_SERVICES,1234567890,1877.02
faktura_226.pdf,TRAVEL_FLEET,5261040828,2211.91
faktura_227.pdf,IT_HARDWARE,5213456789,5887.36
faktura_228.pdf,OFFICE_SUPPLIES,9876543210,6277.99
faktura_229.pdf,TRAVEL_FLEET,5261040828,4630.71
faktura_230.pdf,IT_HARDWARE,5213456789,636.43
faktura_231.pdf,IT_HARDWARE,5213456789,3477.93
faktura_232.pdf,TRAVEL_FLEET,9362337495,6324.14
faktura_233.pdf,IT_HARDWARE,5213456789,3517.03
faktura_234.pdf,IT_HARDWARE,5213456789,1743.29
faktura_235.pdf,IT_SERVICES,1168240084,3202.88
faktura_236.pdf,IT_SERVICES,1234567890,3306.21
faktura_237.pdf,IT_HARDWARE,5213456789,3239.99
faktura_238.pdf,OFFICE_SUPPLIES,9876543210,2556.53
faktura_239.pdf,IT_SERVICES,6245204715,1916.84
faktura_240.pdf,IT_HARDWARE,5213456789,3894.75
faktura_241.pdf,IT_HARDWARE,5213456789,4361.34
faktura_242.pdf,TRAVEL_FLEET,5261040828,1674.18
faktura_243.pdf,IT_HARDWARE,4651318691,4324.33
faktura_244.pdf,IT_SERVICES,1234567890,960.7
faktura_245.pdf,IT_SERVICES,4579649907,3248.65
faktura_246.pdf,OFFICE_SUPPLIES,4191232811,3322.75
faktura_247.pdf,TRAVEL_FLEET,5261040828,5996.58
faktura_248.pdf,TRAVEL_FLEET,5261040828,4520.11
faktura_249.pdf,OFFICE_SUPPLIES,9876543210,2332.94
faktura_250.pdf,TRAVEL_FLEET,5261040828,2847.48
faktura_251.pdf,OFFICE_SUPPLIES,9876543210,6051.45
faktura_252.pdf,IT_HARDWARE,5213456789,4201.69
faktura_253.pdf,OFFICE_SUPPLIES,9876543210,4449.99
faktura_254.pdf,IT_HARDWARE,5213456789,6141.05
faktura_255.pdf,OFFICE_SUPPLIES,9876543210,459.11
faktura_256.pdf,TRAVEL_FLEET,5261040828,6017.68
faktura_257.pdf,TRAVEL_FLEET,5261040828,3310.93
faktura_258.pdf,OFFICE_SUPPLIES,8782421026,1293.62
faktura_259.pdf,OFFICE_SUPPLIES,9876543210,5476.14
faktura_260.pdf,IT_HARDWARE,5213456789,4744.68
faktura_261.pdf,TRAVEL_FLEET,5261040828,3568.1
faktura_262.pdf,IT_HARDWARE,5213456789,3778.56
faktura_263.pdf,OFFICE_SUPPLIES,9876543210,3522.48
faktura_264.pdf,TRAVEL_FLEET,5261040828,4022.9
faktura_265.pdf,IT_SERVICES,1234567890,1801.72
faktura_266.pdf,IT_HARDWARE,5213456789,4474.33
faktura_267.pdf,OFFICE_SUPPLIES,9876543210,7413.08
faktura_268.pdf,OFFICE_SUPPLIES,9876543210,1195.97
faktura_269.pdf,IT_HARDWARE,5213456789,4574.34
faktura_270.pdf,IT_HARDWARE,5213456789,2684.6
faktura_271.pdf,TRAVEL_FLEET,5261040828,3263.34
faktura_272.pdf,IT_HARDWARE,5213456789,3775.92
faktura_273.pdf,TRAVEL_FLEET,4259027877,3070.16
faktura_274.pdf,IT_SERVICES,1234567890,3166.92
faktura_275.pdf,OFFICE_SUPPLIES,9876543210,1203.75
faktura_276.pdf,TRAVEL_FLEET,5261040828,1576.34
faktura_277.pdf,IT_HARDWARE,5213456789,3895.84
faktura_278.pdf,IT_SERVICES,1234567890,2232.17
faktura_279.pdf,TRAVEL_FLEET,5261040828,6269.57
faktura_280.pdf,IT_HARDWARE,5213456789,1585.53
faktura_281.pdf,OFFICE_SUPPLIES,9876543210,3078.3
faktura_282.pdf,IT_SERVICES,1234567890,2490.89
faktura_283.pdf,TRAVEL_FLEET,5261040828,3880.98
faktura_284.pdf,OFFICE_SUPPLIES,9876543210,2864.98
faktura_285.pdf,TRAVEL_FLEET,5261040828,1204.42
faktura_286.pdf,TRAVEL_FLEET,5261040828,5673.6
faktura_287.pdf,TRAVEL_FLEET,2326808763,2777.49
faktura_288.pdf,TRAVEL_FLEET,5261040828,3334.94
faktura_289.pdf,OFFICE_SUPPLIES,9876543210,551.04
faktura_290.pdf,OFFICE_SUPPLIES,9876543210,4880.25
faktura_291.pdf,OFFICE_SUPPLIES,9876543210,1087.87
faktura_292.pdf,IT_SERVICES,7562477107,2422.72
faktura_293.pdf,IT_SERVICES,1234567890,4481.94
faktura_294.pdf,TRAVEL_FLEET,5261040828,526.24
faktura_295.pdf,IT_SERVICES,1234567890,1067.63
faktura_296.pdf,TRAVEL_FLEET,5261040828,626.21
faktura_297.pdf,OFFICE_SUPPLIES,9876543210,331.57
faktura_298.pdf,IT_SERVICES,1234567890,3718.03
faktura_299.pdf,IT_HARDWARE,5213456789,2243.51
faktura_300.pdf,OFFICE_SUPPLIES,9876543210,4056.66
faktura_301.pdf,IT_HARDWARE,5213456789,3900.36
faktura_302.pdf,OFFICE_SUPPLIES,9876543210,3902.38
faktura_303.pdf,IT_HARDWARE,5213456789,5949.01
faktura_304.pdf,OFFICE_SUPPLIES,9876543210,4497.38
faktura_305.pdf,IT_HARDWARE,5213456789,6061.77
faktura_306.pdf,OFFICE_SUPPLIES,9876543210,5054.08
faktura_307.pdf,OFFICE_SUPPLIES,9876543210,5289.06
faktura_308.pdf,TRAVEL_FLEET,5261040828,2043.18
faktura_309.pdf,TRAVEL_FLEET,5261040828,1469.92
faktura_310.pdf,IT_HARDWARE,5213456789,3566.28
faktura_311.pdf,TRAVEL_FLEET,5261040828,4274.7
faktura_312.pdf,IT_HARDWARE,5213456789,2118.53
faktura_313.pdf,TRAVEL_FLEET,5261040828,460.08
faktura_314.pdf,IT_SERVICES,1234567890,6773.24
faktura_315.pdf,OFFICE_SUPPLIES,9876543210,2582.46
faktura_316.pdf,IT_HARDWARE,5213456789,783.7
faktura_317.pdf,TRAVEL_FLEET,5261040828,2224.09
faktura_318.pdf,IT_SERVICES,1234567890,5549.89
faktura_319.pdf,IT_SERVICES,1234567890,2199.65
faktura_320.pdf,OFFICE_SUPPLIES,9876543210,1839.08
faktura_321.pdf,IT_HARDWARE,5213456789,2914.37
faktura_322.pdf,TRAVEL_FLEET,1495766274,5484.15
faktura_323.pdf,OFFICE_SUPPLIES,9876543210,1999.31
faktura_324.pdf,IT_SERVICES,1234567890,568.4
faktura_325.pdf,OFFICE_SUPPLIES,9876543210,5614.5
faktura_326.pdf,TRAVEL_FLEET,5261040828,5977.23
faktura_327.pdf,TRAVEL_FLEET,5261040828,2983.37
faktura_328.pdf,IT_HARDWARE,5213456789,2656.27
faktura_329.pdf,IT_HARDWARE,5213456789,2488.7
faktura_330.pdf,IT_HARDWARE,5213456789,4718.99
faktura_331.pdf,TRAVEL_FLEET,9396158653,2830.21
faktura_332.pdf,IT_HARDWARE,3764316115,7119.62
faktura_333.pdf,IT_SERVICES,1234567890,5123.63
faktura_334.pdf,IT_SERVICES,1234567890,3511.09
faktura_335.pdf,OFFICE_SUPPLIES,9876543210,2774.08
faktura_336.pdf,IT_SERVICES,1234567890,5067.33
faktura_337.pdf,OFFICE_SUPPLIES,9876543210,2862.35
faktura_338.pdf,TRAVEL_FLEET,5261040828,5521.85
faktura_339.pdf,IT_SERVICES,1234567890,816.04
faktura_340.pdf,IT_HARDWARE,5213456789,1946.76
faktura_341.pdf,TRAVEL_FLEET,5261040828,2702.88
faktura_342.pdf,IT_SERVICES,1234567890,2152.97
faktura_343.pdf,OFFICE_SUPPLIES,9876543210,372.49
faktura_344.pdf,IT_HARDWARE,6889237471,3545.71
faktura_345.pdf,IT_HARDWARE,5213456789,3019.96
faktura_346.pdf,OFFICE_SUPPLIES,9876543210,2763.38
faktura_347.pdf,OFFICE_SUPPLIES,9876543210,3253.62
faktura_348.pdf,IT_SERVICES,1234567890,3201.06
faktura_349.pdf,TRAVEL_FLEET,5261040828,1224.37
faktura_350.pdf,TRAVEL_FLEET,5261040828,4889.1
faktura_351.pdf,IT_HARDWARE,5213456789,1934.58
faktura_352.pdf,TRAVEL_FLEET,5261040828,4582.2
faktura_353.pdf,TRAVEL_FLEET,5261040828,3271.55
faktura_354.pdf,OFFICE_SUPPLIES,9876543210,5109.57
faktura_355.pdf,TRAVEL_FLEET,5569594401,4113.26
faktura_356.pdf,IT_HARDWARE,5213456789,6992.01
faktura_357.pdf,IT_HARDWARE,5213456789,5029.87
faktura_358.pdf,IT_SERVICES,1234567890,4480.5
faktura_359.pdf,IT_SERVICES,1234567890,749.8
faktura_360.pdf,TRAVEL_FLEET,5261040828,1483.16
faktura_361.pdf,IT_HARDWARE,3259421042,738.07
faktura_362.pdf,IT_SERVICES,1234567890,2759.36
faktura_363.pdf,TRAVEL_FLEET,5261040828,5063.81
faktura_364.pdf,OFFICE_SUPPLIES,9876543210,666.22
faktura_365.pdf,IT_HARDWARE,5213456789,6058.52
faktura_366.pdf,IT_HARDWARE,5213456789,2871.28
faktura_367.pdf,IT_SERVICES,1234567890,5829.65
faktura_368.pdf,IT_HARDWARE,5213456789,3482.86
faktura_369.pdf,IT_HARDWARE,5213456789,5570.0
faktura_370.pdf,OFFICE_SUPPLIES,9876543210,1372.32
faktura_371.pdf,IT_SERVICES,1234567890,3613.08
faktura_372.pdf,TRAVEL_FLEET,5261040828,2411.85
faktura_373.pdf,IT_HARDWARE,5213456789,2963.04
faktura_374.pdf,OFFICE_SUPPLIES,9876543210,2665.4
faktura_375.pdf,IT_SERVICES,1234567890,2204.58
faktura_376.pdf,TRAVEL_FLEET,5261040828,2859.49
faktura_377.pdf,TRAVEL_FLEET,5261040828,97.53
faktura_378.pdf,OFFICE_SUPPLIES,9876543210,4653.94
faktura_379.pdf,TRAVEL_FLEET,5261040828,2500.32
faktura_380.pdf,IT_SERVICES,7421754964,2901.07
faktura_381.pdf,OFFICE_SUPPLIES,9876543210,3690.23
faktura_382.pdf,OFFICE_SUPPLIES,9876543210,1912.11
faktura_383.pdf,OFFICE_SUPPLIES,9876543210,1541.57
faktura_384.pdf,IT_HARDWARE,5213456789,5021.63
faktura_385.pdf,IT_SERVICES,1234567890,1022.44
faktura_386.pdf,IT_SERVICES,1234567890,1656.95
faktura_387.pdf,TRAVEL_FLEET,8796121044,864.68
faktura_388.pdf,IT_HARDWARE,5213456789,4930.25
faktura_389.pdf,TRAVEL_FLEET,5448692613,5426.03
faktura_390.pdf,IT_HARDWARE,5213456789,2105.37
faktura_391.pdf,TRAVEL_FLEET,5261040828,1684.66
faktura_392.pdf,IT_HARDWARE,5213456789,7043.45
faktura_393.pdf,IT_SERVICES,1234567890,5270.7
faktura_394.pdf,OFFICE_SUPPLIES,9876543210,3160.44
faktura_395.pdf,IT_SERVICES,1234567890,2257.84
faktura_396.pdf,TRAVEL_FLEET,1696431712,2837.04
faktura_397.pdf,TRAVEL_FLEET,5261040828,3086.29
faktura_398.pdf,TRAVEL_FLEET,5261040828,1940.02
faktura_399.pdf,TRAVEL_FLEET,5261040828,1382.08
faktura_400.pdf,OFFICE_SUPPLIES,3431839335,2074.1
faktura_401.pdf,IT_HARDWARE,5213456789,283.63
faktura_402.pdf,IT_SERVICES,1234567890,3828.82
faktura_403.pdf,TRAVEL_FLEET,5261040828,3056.44
faktura_404.pdf,OFFICE_SUPPLIES,9876543210,366.64
faktura_405.pdf,OFFICE_SUPPLIES,2250205394,2553.76
faktura_406.pdf,IT_SERVICES,1234567890,325.57
faktura_407.pdf,TRAVEL_FLEET,5261040828,1984.69
faktura_408.pdf,TRAVEL_FLEET,5261040828,3588.95
faktura_409.pdf,OFFICE_SUPPLIES,9876543210,2729.94
faktura_410.pdf,TRAVEL_FLEET,5261040828,3439.29
faktura_411.pdf,TRAVEL_FLEET,5261040828,2496.95
faktura_412.pdf,IT_HARDWARE,2247839083,7986.63
faktura_413.pdf,TRAVEL_FLEET,5261040828,3401.8
faktura_414.pdf,OFFICE_SUPPLIES,9876543210,2991.11
faktura_415.pdf,OFFICE_SUPPLIES,9876543210,669.98
faktura_416.pdf,IT_SERVICES,1234567890,2489.96
faktura_417.pdf,OFFICE_SUPPLIES,1841592123,400.57
faktura_418.pdf,TRAVEL_FLEET,5261040828,2429.35
faktura_419.pdf,OFFICE_SUPPLIES,5569847894,3421.42
faktura_420.pdf,OFFICE_SUPPLIES,9876543210,178.37
faktura_421.pdf,TRAVEL_FLEET,5261040828,3621.92
faktura_422.pdf,TRAVEL_FLEET,5261040828,967.0
faktura_423.pdf,IT_SERVICES,1234567890,2634.72
faktura_424.pdf,OFFICE_SUPPLIES,5057661560,4690.45
faktura_425.pdf,OFFICE_SUPPLIES,9876543210,585.06
faktura_426.pdf,IT_HARDWARE,5213456789,213.86
faktura_427.pdf,IT_SERVICES,1234567890,4100.87
faktura_428.pdf,OFFICE_SUPPLIES,9876543210,3499.82
faktura_429.pdf,TRAVEL_FLEET,5261040828,2845.62
faktura_430.pdf,IT_HARDWARE,2488098866,7251.3
faktura_431.pdf,IT_HARDWARE,5213456789,5533.82
faktura_432.pdf,OFFICE_SUPPLIES,9876543210,1691.09
faktura_433.pdf,OFFICE_SUPPLIES,9876543210,4517.63
faktura_434.pdf,IT_SERVICES,1234567890,3052.85
faktura_435.pdf,IT_HARDWARE,5213456789,2052.01
faktura_436.pdf,OFFICE_SUPPLIES,9876543210,3562.4
faktura_437.pdf,IT_HARDWARE,5213456789,6794.22
faktura_438.pdf,OFFICE_SUPPLIES,9876543210,2246.85
faktura_439.pdf,IT_SERVICES,7645149363,4750.65
faktura_440.pdf,IT_SERVICES,1234567890,2196.51
faktura_441.pdf,IT_HARDWARE,5213456789,5650.36
faktura_442.pdf,IT_HARDWARE,5213456789,5786.86
faktura_443.pdf,IT_HARDWARE,5213456789,1063.88
faktura_444.pdf,TRAVEL_FLEET,5261040828,885.77
faktura_445.pdf,IT_HARDWARE,5213456789,3883.75
faktura_446.pdf,OFFICE_SUPPLIES,9876543210,3933.4
faktura_447.pdf,IT_HARDWARE,1072296128,1950.02
faktura_448.pdf,IT_SERVICES,1234567890,3052.79
faktura_449.pdf,TRAVEL_FLEET,5261040828,4113.49
faktura_450.pdf,IT_HARDWARE,5213456789,2880.34
faktura_451.pdf,IT_HARDWARE,5213456789,3575.49
faktura_452.pdf,IT_SERVICES,1234567890,4208.38
faktura_453.pdf,OFFICE_SUPPLIES,9876543210,1491.09
faktura_454.pdf,TRAVEL_FLEET,5261040828,1995.25
faktura_455.pdf,TRAVEL_FLEET,5261040828,5884.53
faktura_456.pdf,IT_HARDWARE,5213456789,2258.11
faktura_457.pdf,OFFICE_SUPPLIES,9876543210,429.64
faktura_458.pdf,OFFICE_SUPPLIES,9876543210,2410.6
faktura_459.pdf,TRAVEL_FLEET,5261040828,3994.4
faktura_460.pdf,IT_HARDWARE,5213456789,1147.01
faktura_461.pdf,TRAVEL_FLEET,5261040828,90.65
faktura_462.pdf,IT_HARDWARE,5213456789,3809.71
faktura_463.pdf,IT_SERVICES,1234567890,1269.24
faktura_464.pdf,OFFICE_SUPPLIES,9876543210,2799.84
faktura_465.pdf,OFFICE_SUPPLIES,9876543210,6974.21
faktura_466.pdf,OFFICE_SUPPLIES,9876543210,1389.52
faktura_467.pdf,IT_SERVICES,1234567890,3008.38
faktura_468.pdf,TRAVEL_FLEET,5261040828,3202.93
faktura_469.pdf,TRAVEL_FLEET,5261040828,1585.03
faktura_470.pdf,IT_HARDWARE,5729003433,1027.73
faktura_471.pdf,TRAVEL_FLEET,1087622686,3491.43
faktura_472.pdf,OFFICE_SUPPLIES,9876543210,5324.03
faktura_473.pdf,OFFICE_SUPPLIES,9876543210,2550.38
faktura_474.pdf,IT_HARDWARE,6180715961,7676.71
faktura_475.pdf,OFFICE_SUPPLIES,9876543210,3484.55
faktura_476.pdf,IT_SERVICES,1234567890,1240.38
faktura_477.pdf,IT_HARDWARE,5213456789,2864.71
faktura_478.pdf,IT_HARDWARE,5213456789,4258.4
faktura_479.pdf,OFFICE_SUPPLIES,9876543210,2354.65
faktura_480.pdf,OFFICE_SUPPLIES,9876543210,3940.16
faktura_481.pdf,OFFICE_SUPPLIES,9876543210,2355.18
faktura_482.pdf,IT_HARDWARE,5213456789,1877.2
faktura_483.pdf,IT_SERVICES,1234567890,3981.63
faktura_484.pdf,IT_HARDWARE,5734535210,5927.83
faktura_485.pdf,IT_SERVICES,1234567890,1591.6
faktura_486.pdf,IT_HARDWARE,5213456789,2623.66
faktura_487.pdf,IT_SERVICES,1234567890,1142.39
faktura_488.pdf,IT_HARDWARE,5213456789,3564.13
faktura_489.pdf,IT_SERVICES,3342921271,6007.73
faktura_490.pdf,IT_SERVICES,1234567890,3662.87
faktura_491.pdf,TRAVEL_FLEET,8739552717,1760.4
faktura_492.pdf,IT_SERVICES,1234567890,1466.79
faktura_493.pdf,IT_SERVICES,1234567890,4467.63
faktura_494.pdf,IT_HARDWARE,5213456789,3333.35
faktura_495.pdf,IT_SERVICES,6477005426,3049.41
faktura_496.pdf,TRAVEL_FLEET,5261040828,1404.51
faktura_497.pdf,IT_SERVICES,7620793599,3077.94
faktura_498.pdf,IT_SERVICES,5091820377,4006.45
faktura_499.pdf,IT_HARDWARE,5464665901,3359.12
faktura_500.pdf,IT_HARDWARE,5213456789,4282.46
faktura_501.pdf,TRAVEL_FLEET,5261040828,2454.87
faktura_502.pdf,IT_HARDWARE,5213456789,2701.28
faktura_503.pdf,TRAVEL_FLEET,5261040828,6339.42
faktura_504.pdf,TRAVEL_FLEET,5261040828,2689.84
faktura_505.pdf,TRAVEL_FLEET,5261040828,3035.91
faktura_506.pdf,IT_HARDWARE,5213456789,3463.74
faktura_507.pdf,OFFICE_SUPPLIES,9876543210,6198.54
faktura_508.pdf,IT_HARDWARE,9466291482,726.84
faktura_509.pdf,IT_HARDWARE,5213456789,4371.76
faktura_510.pdf,OFFICE_SUPPLIES,9876543210,2852.71
faktura_511.pdf,IT_HARDWARE,5213456789,3099.63
faktura_512.pdf,IT_SERVICES,1234567890,879.41
faktura_513.pdf,OFFICE_SUPPLIES,9876543210,3170.08
faktura_514.pdf,IT_SERVICES,1234567890,2396.34
faktura_515.pdf,IT_HARDWARE,5213456789,7625.18
faktura_516.pdf,OFFICE_SUPPLIES,9876543210,6254.59
faktura_517.pdf,IT_HARDWARE,5213456789,3064.03
faktura_518.pdf,IT_HARDWARE,5213456789,5570.44
faktura_519.pdf,OFFICE_SUPPLIES,9876543210,3116.08
faktura_520.pdf,TRAVEL_FLEET,5261040828,6776.67
faktura_521.pdf,IT_SERVICES,6998805922,2577.39
faktura_522.pdf,IT_HARDWARE,5213456789,4600.78
faktura_523.pdf,OFFICE_SUPPLIES,9876543210,1124.96
faktura_524.pdf,OFFICE_SUPPLIES,9876543210,3753.78
faktura_525.pdf,IT_HARDWARE,5213456789,1875.69
faktura_526.pdf,OFFICE_SUPPLIES,9876543210,3601.33
faktura_527.pdf,OFFICE_SUPPLIES,9876543210,191.51
faktura_528.pdf,TRAVEL_FLEET,5261040828,4392.96
faktura_529.pdf,IT_SERVICES,4437483472,1415.18
faktura_530.pdf,IT_HARDWARE,4396886232,1872.12
faktura_531.pdf,IT_SERVICES,1234567890,2841.0
faktura_532.pdf,OFFICE_SUPPLIES,9876543210,111.41
faktura_533.pdf,OFFICE_SUPPLIES,2424124787,596.16
faktura_534.pdf,TRAVEL_FLEET,5190606859,2048.58
faktura_535.pdf,OFFICE_SUPPLIES,9876543210,6407.43
faktura_536.pdf,OFFICE_SUPPLIES,9876543210,1964.32
faktura_537.pdf,TRAVEL_FLEET,5012204722,2829.62
faktura_538.pdf,TRAVEL_FLEET,5261040828,4300.76
faktura_539.pdf,IT_SERVICES,1234567890,2055.27
faktura_540.pdf,OFFICE_SUPPLIES,9876543210,6306.02
faktura_541.pdf,OFFICE_SUPPLIES,9876543210,5891.22
faktura_542.pdf,OFFICE_SUPPLIES,9876543210,3211.78
faktura_543.pdf,OFFICE_SUPPLIES,9876543210,3930.16
faktura_544.pdf,OFFICE_SUPPLIES,2380369711,7435.68
faktura_545.pdf,IT_SERVICES,1234567890,2423.96
faktura_546.pdf,IT_HARDWARE,5213456789,6182.58
faktura_547.pdf,OFFICE_SUPPLIES,3842460956,3449.38
faktura_548.pdf,IT_SERVICES,1978518884,5139.03
faktura_549.pdf,IT_SERVICES,1234567890,1587.04
faktura_550.pdf,IT_SERVICES,1234567890,2701.67
faktura_551.pdf,OFFICE_SUPPLIES,9876543210,5852.32
faktura_552.pdf,IT_SERVICES,1234567890,1971.04
faktura_553.pdf,IT_HARDWARE,5213456789,1708.79
faktura_554.pdf,TRAVEL_FLEET,5261040828,2332.01
faktura_555.pdf,IT_SERVICES,1234567890,1565.24
faktura_556.pdf,IT_HARDWARE,5213456789,1486.49
faktura_557.pdf,TRAVEL_FLEET,5261040828,2098.06
faktura_558.pdf,TRAVEL_FLEET,5261040828,3780.0
faktura_559.pdf,IT_SERVICES,1234567890,2093.77
faktura_560.pdf,TRAVEL_FLEET,5261040828,3486.6
faktura_561.pdf,TRAVEL_FLEET,5261040828,3794.42
faktura_562.pdf,IT_SERVICES,1234567890,1954.78
faktura_563.pdf,IT_SERVICES,1234567890,3203.22
faktura_564.pdf,IT_SERVICES,1234567890,2641.99
faktura_565.pdf,IT_HARDWARE,5213456789,1798.5
faktura_566.pdf,IT_SERVICES,1234567890,3528.17
faktura_567.pdf,IT_HARDWARE,5213456789,2513.94
faktura_568.pdf,TRAVEL_FLEET,5261040828,2899.38
faktura_569.pdf,OFFICE_SUPPLIES,9876543210,2675.31
faktura_570.pdf,IT_HARDWARE,5213456789,3620.72
faktura_571.pdf,OFFICE_SUPPLIES,5758740341,7529.62
faktura_572.pdf,OFFICE_SUPPLIES,9876543210,549.69
faktura_573.pdf,IT_SERVICES,1234567890,4942.68
faktura_574.pdf,OFFICE_SUPPLIES,9876543210,3073.98
faktura_575.pdf,TRAVEL_FLEET,5261040828,1257.99
faktura_576.pdf,OFFICE_SUPPLIES,9876543210,5078.18
faktura_577.pdf,OFFICE_SUPPLIES,9876543210,3681.19
faktura_578.pdf,IT_HARDWARE,5213456789,2061.11
faktura_579.pdf,OFFICE_SUPPLIES,5418416162,5075.07
faktura_580.pdf,OFFICE_SUPPLIES,9876543210,5567.32
faktura_581.pdf,IT_HARDWARE,5213456789,3985.13
faktura_582.pdf,OFFICE_SUPPLIES,9876543210,4503.32
faktura_583.pdf,IT_HARDWARE,5213456789,629.76
faktura_584.pdf,IT_HARDWARE,5213456789,2971.33
faktura_585.pdf,IT_SERVICES,1234567890,1545.39
faktura_586.pdf,IT_SERVICES,1234567890,2004.66
faktura_587.pdf,IT_SERVICES,9785964012,1468.89
faktura_588.pdf,OFFICE_SUPPLIES,9876543210,1327.91
faktura_589.pdf,OFFICE_SUPPLIES,2639702137,5763.18
faktura_590.pdf,OFFICE_SUPPLIES,9876543210,2760.69
faktura_591.pdf,TRAVEL_FLEET,5261040828,1221.08
faktura_592.pdf,TRAVEL_FLEET,5261040828,2277.39
faktura_593.pdf,IT_HARDWARE,5213456789,5840.9
faktura_594.pdf,TRAVEL_FLEET,5261040828,5382.07
faktura_595.pdf,IT_HARDWARE,7345654312,1881.43
faktura_596.pdf,TRAVEL_FLEET,5261040828,2048.58
faktura_597.pdf,IT_SERVICES,1234567890,6625.46
faktura_598.pdf,IT_SERVICES,1234567890,3570.22
faktura_599.pdf,OFFICE_SUPPLIES,9527394734,5004.69
faktura_600.pdf,OFFICE_SUPPLIES,9876543210,3077.81
faktura_601.pdf,OFFICE_SUPPLIES,9876543210,2272.38
faktura_602.pdf,IT_SERVICES,1234567890,4960.1
faktura_603.pdf,IT_HARDWARE,5213456789,4025.41
faktura_604.pdf,IT_HARDWARE,5213456789,670.46
faktura_605.pdf,TRAVEL_FLEET,5261040828,4653.74
faktura_606.pdf,TRAVEL_FLEET,5261040828,2037.61
faktura_607.pdf,TRAVEL_FLEET,5261040828,2692.16
faktura_608.pdf,TRAVEL_FLEET,5261040828,3310.4
faktura_609.pdf,IT_HARDWARE,5213456789,1779.28
faktura_610.pdf,OFFICE_SUPPLIES,9876543210,5621.22
faktura_611.pdf,IT_HARDWARE,5213456789,5582.72
faktura_612.pdf,IT_SERVICES,1295895788,3607.99
faktura_613.pdf,IT_HARDWARE,5213456789,4369.48
faktura_614.pdf,TRAVEL_FLEET,5261040828,3213.08
faktura_615.pdf,IT_HARDWARE,5213456789,126.9
faktura_616.pdf,IT_HARDWARE,7851251786,1448.83
faktura_617.pdf,IT_SERVICES,1234567890,4110.43
faktura_618.pdf,IT_SERVICES,1234567890,4689.37
faktura_619.pdf,IT_SERVICES,1234567890,297.99
faktura_620.pdf,IT_SERVICES,1631824225,3289.53
faktura_621.pdf,TRAVEL_FLEET,5261040828,4429.37
faktura_622.pdf,IT_HARDWARE,5213456789,2091.5
faktura_623.pdf,TRAVEL_FLEET,8648424988,934.76
faktura_624.pdf,IT_SERVICES,1234567890,1783.54
faktura_625.pdf,IT_SERVICES,1234567890,1573.75
faktura_626.pdf,OFFICE_SUPPLIES,9876543210,4597.29
faktura_627.pdf,TRAVEL_FLEET,5261040828,3922.29
faktura_628.pdf,OFFICE_SUPPLIES,9876543210,2879.2
faktura_629.pdf,IT_HARDWARE,5213456789,697.67
faktura_630.pdf,IT_SERVICES,1234567890,400.13
faktura_631.pdf,IT_HARDWARE,5213456789,2549.08
faktura_632.pdf,IT_SERVICES,1234567890,675.65
faktura_633.pdf,OFFICE_SUPPLIES,9876543210,5637.27
faktura_634.pdf,IT_SERVICES,1234567890,221.47
faktura_635.pdf,IT_SERVICES,1234567890,4892.86
faktura_636.pdf,TRAVEL_FLEET,5261040828,2286.62
faktura_637.pdf,TRAVEL_FLEET,8725736471,2840.76
faktura_638.pdf,OFFICE_SUPPLIES,9876543210,4228.67
faktura_639.pdf,TRAVEL_FLEET,5261040828,6569.62
faktura_640.pdf,IT_HARDWARE,2645556255,1630.68
faktura_641.pdf,IT_HARDWARE,5213456789,2749.32
faktura_642.pdf,IT_HARDWARE,5213456789,2136.39
faktura_643.pdf,OFFICE_SUPPLIES,2110469638,1018.28
faktura_644.pdf,TRAVEL_FLEET,3252787745,2591.4
faktura_645.pdf,IT_SERVICES,1234567890,4271.9
faktura_646.pdf,IT_HARDWARE,5213456789,618.23
faktura_647.pdf,IT_HARDWARE,5213456789,4777.1
faktura_648.pdf,OFFICE_SUPPLIES,9876543210,2662.26
faktura_649.pdf,TRAVEL_FLEET,5261040828,5338.2
faktura_650.pdf,OFFICE_SUPPLIES,9876543210,6759.72
faktura_651.pdf,OFFICE_SUPPLIES,9876543210,5606.59
faktura_652.pdf,IT_HARDWARE,1091624562,5320.95
faktura_653.pdf,OFFICE_SUPPLIES,9876543210,2786.36
faktura_654.pdf,IT_HARDWARE,5213456789,2641.73
faktura_655.pdf,OFFICE_SUPPLIES,9876543210,2440.96
faktura_656.pdf,TRAVEL_FLEET,5628784995,4221.49
faktura_657.pdf,TRAVEL_FLEET,5261040828,2189.72
faktura_658.pdf,OFFICE_SUPPLIES,9876543210,1841.87
faktura_659.pdf,IT_HARDWARE,5213456789,1325.92
faktura_660.pdf,OFFICE_SUPPLIES,9876543210,5725.02
faktura_661.pdf,IT_SERVICES,1234567890,1561.1
faktura_662.pdf,TRAVEL_FLEET,5261040828,4628.57
faktura_663.pdf,TRAVEL_FLEET,5261040828,1929.17
faktura_664.pdf,IT_HARDWARE,5213456789,172.16
faktura_665.pdf,IT_SERVICES,1234567890,3445.75
faktura_666.pdf,IT_HARDWARE,5213456789,1305.56
faktura_667.pdf,TRAVEL_FLEET,2699825955,1909.53
faktura_668.pdf,OFFICE_SUPPLIES,9876543210,4557.33
faktura_669.pdf,OFFICE_SUPPLIES,7118794702,4578.33
faktura_670.pdf,OFFICE_SUPPLIES,9876543210,4424.13
faktura_671.pdf,TRAVEL_FLEET,5261040828,5088.14
faktura_672.pdf,IT_SERVICES,1234567890,4132.86
faktura_673.pdf,IT_SERVICES,1234567890,1470.39
faktura_674.pdf,TRAVEL_FLEET,5261040828,1057.5
faktura_675.pdf,OFFICE_SUPPLIES,7899309729,1000.36
faktura_676.pdf,IT_SERVICES,9263091306,1862.07
faktura_677.pdf,TRAVEL_FLEET,5261040828,2470.9
faktura_678.pdf,IT_HARDWARE,5213456789,4975.13
faktura_679.pdf,OFFICE_SUPPLIES,9876543210,2666.95
faktura_680.pdf,IT_SERVICES,1234567890,4208.82
faktura_681.pdf,IT_SERVICES,1234567890,1189.2
faktura_682.pdf,TRAVEL_FLEET,5261040828,3314.39
faktura_683.pdf,IT_SERVICES,8957865271,5427.26
faktura_684.pdf,TRAVEL_FLEET,5261040828,3078.17
faktura_685.pdf,TRAVEL_FLEET,4199733487,2742.58
faktura_686.pdf,IT_SERVICES,1234567890,2560.18
faktura_687.pdf,IT_SERVICES,1234567890,886.1
faktura_688.pdf,TRAVEL_FLEET,4797584413,1717.02
faktura_689.pdf,IT_SERVICES,1234567890,5440.64
faktura_690.pdf,OFFICE_SUPPLIES,9876543210,2171.15
faktura_691.pdf,IT_SERVICES,1234567890,4847.27
faktura_692.pdf,OFFICE_SUPPLIES,5137473381,3354.93
faktura_693.pdf,IT_HARDWARE,5213456789,2812.41
faktura_694.pdf,IT_SERVICES,1234567890,1646.62
faktura_695.pdf,IT_HARDWARE,5213456789,3385.5
faktura_696.pdf,TRAVEL_FLEET,5261040828,2936.29
faktura_697.pdf,IT_HARDWARE,5213456789,3102.65
faktura_698.pdf,OFFICE_SUPPLIES,9876543210,4952.02
faktura_699.pdf,OFFICE_SUPPLIES,9876543210,3534.45
faktura_700.pdf,OFFICE_SUPPLIES,9876543210,2385.23
faktura_701.pdf,TRAVEL_FLEET,9677120820,1426.54
faktura_702.pdf,OFFICE_SUPPLIES,9876543210,2115.26
faktura_703.pdf,IT_SERVICES,1234567890,3721.77
faktura_704.pdf,IT_HARDWARE,5213456789,5755.16
faktura_705.pdf,IT_SERVICES,1234567890,2670.23
faktura_706.pdf,OFFICE_SUPPLIES,9876543210,3356.03
faktura_707.pdf,IT_HARDWARE,5213456789,5674.46
faktura_708.pdf,TRAVEL_FLEET,5261040828,2044.16
faktura_709.pdf,OFFICE_SUPPLIES,9876543210,2199.95
faktura_710.pdf,IT_HARDWARE,5213456789,1883.38
faktura_711.pdf,IT_HARDWARE,5213456789,1855.78
faktura_712.pdf,OFFICE_SUPPLIES,9876543210,4503.09
faktura_713.pdf,TRAVEL_FLEET,5261040828,4552.27
faktura_714.pdf,OFFICE_SUPPLIES,9876543210,6356.19
faktura_715.pdf,IT_SERVICES,1234567890,5630.87
faktura_716.pdf,TRAVEL_FLEET,5261040828,736.79
faktura_717.pdf,IT_SERVICES,1234567890,4176.91
faktura_718.pdf,IT_SERVICES,1234567890,2419.64
faktura_719.pdf,TRAVEL_FLEET,5261040828,4393.93
faktura_720.pdf,OFFICE_SUPPLIES,9876543210,3370.82
faktura_721.pdf,IT_SERVICES,1234567890,2338.16
faktura_722.pdf,OFFICE_SUPPLIES,9876543210,4415.79
faktura_723.pdf,OFFICE_SUPPLIES,9876543210,3031.55
faktura_724.pdf,OFFICE_SUPPLIES,9837420549,2304.45
faktura_725.pdf,OFFICE_SUPPLIES,9876543210,3257.4
faktura_726.pdf,IT_HARDWARE,5213456789,6163.9
faktura_727.pdf,TRAVEL_FLEET,5261040828,355.91
faktura_728.pdf,IT_SERVICES,1234567890,820.59
faktura_729.pdf,TRAVEL_FLEET,5261040828,2925.8
faktura_730.pdf,TRAVEL_FLEET,5261040828,1194.45
faktura_731.pdf,IT_HARDWARE,3920463740,2341.51
faktura_732.pdf,IT_SERVICES,1134530171,834.08
faktura_733.pdf,IT_SERVICES,1234567890,2941.21
faktura_734.pdf,TRAVEL_FLEET,5261040828,3251.36
faktura_735.pdf,OFFICE_SUPPLIES,9876543210,2811.64
faktura_736.pdf,TRAVEL_FLEET,5261040828,2403.7
faktura_737.pdf,IT_HARDWARE,3613272791,5823.09
faktura_738.pdf,OFFICE_SUPPLIES,9876543210,5019.9
faktura_739.pdf,TRAVEL_FLEET,5261040828,4650.14
faktura_740.pdf,IT_SERVICES,1234567890,5077.47
faktura_741.pdf,IT_SERVICES,1234567890,2353.13
faktura_742.pdf,IT_HARDWARE,5213456789,2582.46
faktura_743.pdf,OFFICE_SUPPLIES,9876543210,4722.17
faktura_744.pdf,IT_SERVICES,1234567890,403.54
faktura_745.pdf,IT_HARDWARE,5213456789,3336.83
faktura_746.pdf,TRAVEL_FLEET,5261040828,2629.74
faktura_747.pdf,IT_SERVICES,1234567890,1903.43
faktura_748.pdf,TRAVEL_FLEET,5261040828,1854.46
faktura_749.pdf,IT_HARDWARE,5213456789,3144.44
faktura_750.pdf,IT_HARDWARE,5213456789,1072.54
faktura_751.pdf,OFFICE_SUPPLIES,9876543210,1729.2
faktura_752.pdf,TRAVEL_FLEET,5261040828,2445.34
faktura_753.pdf,TRAVEL_FLEET,5261040828,2935.69
faktura_754.pdf,OFFICE_SUPPLIES,9876543210,4930.59
faktura_755.pdf,TRAVEL_FLEET,5261040828,4784.76
faktura_756.pdf,TRAVEL_FLEET,5261040828,7966.31
faktura_757.pdf,OFFICE_SUPPLIES,9876543210,5233.85
faktura_758.pdf,IT_HARDWARE,5213456789,3360.82
faktura_759.pdf,TRAVEL_FLEET,5261040828,4693.31
faktura_760.pdf,IT_SERVICES,1234567890,3144.15
faktura_761.pdf,TRAVEL_FLEET,5261040828,2682.9
faktura_762.pdf,TRAVEL_FLEET,1668740648,3243.28
faktura_763.pdf,IT_SERVICES,1234567890,2230.68
faktura_764.pdf,IT_HARDWARE,5111801705,2388.74
faktura_765.pdf,OFFICE_SUPPLIES,9876543210,3076.81
faktura_766.pdf,IT_HARDWARE,5213456789,7241.68
faktura_767.pdf,IT_SERVICES,1234567890,2279.98
faktura_768.pdf,OFFICE_SUPPLIES,9876543210,6903.94
faktura_769.pdf,OFFICE_SUPPLIES,9876543210,6508.56
faktura_770.pdf,TRAVEL_FLEET,5261040828,4338.42
faktura_771.pdf,IT_SERVICES,1234567890,2646.85
faktura_772.pdf,OFFICE_SUPPLIES,2525128686,618.84
faktura_773.pdf,TRAVEL_FLEET,5261040828,4947.03
faktura_774.pdf,IT_HARDWARE,5213456789,5415.62
faktura_775.pdf,TRAVEL_FLEET,6058633750,3090.41
faktura_776.pdf,TRAVEL_FLEET,5261040828,2687.77
faktura_777.pdf,IT_HARDWARE,5213456789,2915.0
faktura_778.pdf,IT_SERVICES,1234567890,2079.95
faktura_779.pdf,IT_SERVICES,1234567890,5409.17
faktura_780.pdf,OFFICE_SUPPLIES,9876543210,1238.82
faktura_781.pdf,TRAVEL_FLEET,5261040828,893.05
faktura_782.pdf,IT_HARDWARE,5213456789,5135.81
faktura_783.pdf,TRAVEL_FLEET,5261040828,2606.2
faktura_784.pdf,OFFICE_SUPPLIES,9876543210,5253.72
faktura_785.pdf,IT_SERVICES,1234567890,4367.1
faktura_786.pdf,TRAVEL_FLEET,5261040828,918.49
faktura_787.pdf,IT_HARDWARE,5213456789,6809.82
faktura_788.pdf,TRAVEL_FLEET,5261040828,1792.84
faktura_789.pdf,IT_HARDWARE,5213456789,2067.15
faktura_790.pdf,OFFICE_SUPPLIES,9876543210,3431.51
faktura_791.pdf,IT_SERVICES,4829953429,2985.05
faktura_792.pdf,IT_SERVICES,8142687057,8374.69
faktura_793.pdf,OFFICE_SUPPLIES,9876543210,1687.2
faktura_794.pdf,OFFICE_SUPPLIES,9876543210,2561.63
faktura_795.pdf,IT_SERVICES,1234567890,313.39
faktura_796.pdf,TRAVEL_FLEET,5261040828,5808.42
faktura_797.pdf,OFFICE_SUPPLIES,9876543210,1199.15
faktura_798.pdf,TRAVEL_FLEET,9562708660,2296.09
faktura_799.pdf,IT_SERVICES,1234567890,2257.15
faktura_800.pdf,TRAVEL_FLEET,5261040828,975.29
faktura_801.pdf,TRAVEL_FLEET,5441830466,5423.13
faktura_802.pdf,IT_HARDWARE,5213456789,2569.59
faktura_803.pdf,TRAVEL_FLEET,5261040828,3205.02
faktura_804.pdf,IT_HARDWARE,5213456789,4061.01
faktura_805.pdf,OFFICE_SUPPLIES,9876543210,6899.76
faktura_806.pdf,OFFICE_SUPPLIES,9876543210,3713.54
faktura_807.pdf,IT_HARDWARE,5213456789,4740.04
faktura_808.pdf,OFFICE_SUPPLIES,9876543210,3220.42
faktura_809.pdf,IT_HARDWARE,5213456789,1699.98
faktura_810.pdf,IT_SERVICES,1234567890,2793.11
faktura_811.pdf,IT_SERVICES,1234567890,3893.2
faktura_812.pdf,IT_HARDWARE,5213456789,1319.18
faktura_813.pdf,IT_HARDWARE,5213456789,1110.83
faktura_814.pdf,OFFICE_SUPPLIES,9876543210,3395.97
faktura_815.pdf,IT_SERVICES,1234567890,453.91
faktura_816.pdf,TRAVEL_FLEET,5261040828,2396.04
faktura_817.pdf,TRAVEL_FLEET,5261040828,1475.08
faktura_818.pdf,IT_SERVICES,1234567890,6291.88
faktura_819.pdf,TRAVEL_FLEET,5261040828,2610.5
faktura_820.pdf,IT_SERVICES,9737535566,4323.09
faktura_821.pdf,TRAVEL_FLEET,5261040828,5765.04
faktura_822.pdf,TRAVEL_FLEET,5261040828,1165.83
faktura_823.pdf,TRAVEL_FLEET,5261040828,3018.65
faktura_824.pdf,IT_HARDWARE,5213456789,827.95
faktura_825.pdf,IT_SERVICES,1234567890,3079.7
faktura_826.pdf,IT_SERVICES,1234567890,4206.74
faktura_827.pdf,OFFICE_SUPPLIES,7793785470,4992.66
faktura_828.pdf,TRAVEL_FLEET,5261040828,1251.27
faktura_829.pdf,IT_HARDWARE,5213456789,3000.29
faktura_830.pdf,OFFICE_SUPPLIES,9876543210,2587.15
faktura_831.pdf,IT_SERVICES,1234567890,8032.67
faktura_832.pdf,OFFICE_SUPPLIES,9876543210,816.95
faktura_833.pdf,IT_HARDWARE,5213456789,2284.86
faktura_834.pdf,TRAVEL_FLEET,5261040828,1883.41
faktura_835.pdf,TRAVEL_FLEET,5261040828,2450.39
faktura_836.pdf,OFFICE_SUPPLIES,9876543210,3749.12
faktura_837.pdf,TRAVEL_FLEET,5261040828,4049.55
faktura_838.pdf,TRAVEL_FLEET,5261040828,2727.55
faktura_839.pdf,IT_HARDWARE,5213456789,4139.6
faktura_840.pdf,OFFICE_SUPPLIES,9876543210,1084.7
faktura_841.pdf,IT_SERVICES,1234567890,343.78
faktura_842.pdf,TRAVEL_FLEET,5261040828,5705.3
faktura_843.pdf,IT_HARDWARE,5213456789,1847.09
faktura_844.pdf,TRAVEL_FLEET,6727008869,1858.16
faktura_845.pdf,OFFICE_SUPPLIES,9876543210,1605.44
faktura_846.pdf,OFFICE_SUPPLIES,9876543210,2458.96
faktura_847.pdf,IT_SERVICES,1234567890,1156.41
faktura_848.pdf,TRAVEL_FLEET,5261040828,4541.37
faktura_849.pdf,TRAVEL_FLEET,5261040828,4315.58
faktura_850.pdf,TRAVEL_FLEET,5261040828,3719.13
faktura_851.pdf,OFFICE_SUPPLIES,9876543210,5463.89
faktura_852.pdf,OFFICE_SUPPLIES,9876543210,2180.91
faktura_853.pdf,OFFICE_SUPPLIES,9876543210,1979.31
faktura_854.pdf,IT_SERVICES,1234567890,1845.12
faktura_855.pdf,OFFICE_SUPPLIES,9876543210,1014.37
faktura_856.pdf,IT_SERVICES,1234567890,4612.95
faktura_857.pdf,IT_SERVICES,1234567890,2763.92
faktura_858.pdf,IT_HARDWARE,5213456789,1782.12
faktura_859.pdf,IT_SERVICES,4611016765,4260.57
faktura_860.pdf,OFFICE_SUPPLIES,9876543210,4069.97
faktura_861.pdf,TRAVEL_FLEET,5261040828,3935.68
faktura_862.pdf,IT_HARDWARE,5213456789,2663.26
faktura_863.pdf,TRAVEL_FLEET,5261040828,4031.61
faktura_864.pdf,TRAVEL_FLEET,7320339749,5898.45
faktura_865.pdf,IT_HARDWARE,5213456789,4785.61
faktura_866.pdf,IT_SERVICES,1234567890,1481.13
faktura_867.pdf,IT_SERVICES,4770392618,4875.53
faktura_868.pdf,OFFICE_SUPPLIES,9876543210,4877.33
faktura_869.pdf,IT_SERVICES,1234567890,2154.66
faktura_870.pdf,OFFICE_SUPPLIES,9876543210,3157.64
faktura_871.pdf,IT_SERVICES,1234567890,1920.21
faktura_872.pdf,IT_HARDWARE,9751850169,2843.3
faktura_873.pdf,OFFICE_SUPPLIES,8186504775,2174.75
faktura_874.pdf,OFFICE_SUPPLIES,9876543210,5293.58
faktura_875.pdf,OFFICE_SUPPLIES,9876543210,1411.67
faktura_876.pdf,OFFICE_SUPPLIES,9876543210,4511.93
faktura_877.pdf,IT_HARDWARE,5213456789,2597.79
faktura_878.pdf,OFFICE_SUPPLIES,9876543210,1818.08
faktura_879.pdf,OFFICE_SUPPLIES,9876543210,2997.85
faktura_880.pdf,OFFICE_SUPPLIES,9876543210,2240.23
faktura_881.pdf,IT_SERVICES,1234567890,5798.66
faktura_882.pdf,TRAVEL_FLEET,5261040828,7151.63
faktura_883.pdf,OFFICE_SUPPLIES,9876543210,413.6
faktura_884.pdf,OFFICE_SUPPLIES,2221047544,3618.24
faktura_885.pdf,OFFICE_SUPPLIES,9876543210,2282.06
faktura_886.pdf,IT_HARDWARE,5213456789,1433.13
faktura_887.pdf,OFFICE_SUPPLIES,9876543210,1320.3
faktura_888.pdf,TRAVEL_FLEET,5261040828,3627.13
faktura_889.pdf,IT_SERVICES,1234567890,4744.6
faktura_890.pdf,OFFICE_SUPPLIES,9876543210,4366.05
faktura_891.pdf,TRAVEL_FLEET,5261040828,2870.59
faktura_892.pdf,IT_SERVICES,1234567890,6006.53
faktura_893.pdf,TRAVEL_FLEET,5261040828,5889.79
faktura_894.pdf,IT_HARDWARE,5213456789,330.27
faktura_895.pdf,OFFICE_SUPPLIES,9876543210,3436.79
faktura_896.pdf,IT_HARDWARE,3859826221,3143.36
faktura_897.pdf,OFFICE_SUPPLIES,9876543210,2505.44
faktura_898.pdf,OFFICE_SUPPLIES,9876543210,1608.46
faktura_899.pdf,IT_HARDWARE,5213456789,1772.6
faktura_900.pdf,IT_HARDWARE,5213456789,1449.37
faktura_901.pdf,OFFICE_SUPPLIES,9876543210,3827.6
faktura_902.pdf,TRAVEL_FLEET,5261040828,2458.84
faktura_903.pdf,IT_SERVICES,1234567890,3913.32
faktura_904.pdf,IT_HARDWARE,8433712400,297.22
faktura_905.pdf,TRAVEL_FLEET,6235692452,1353.24
faktura_906.pdf,OFFICE_SUPPLIES,9876543210,7202.66
faktura_907.pdf,IT_HARDWARE,5213456789,398.75
faktura_908.pdf,IT_HARDWARE,5213456789,1511.35
faktura_909.pdf,OFFICE_SUPPLIES,9876543210,4221.89
faktura_910.pdf,IT_HARDWARE,5213456789,2329.42
faktura_911.pdf,OFFICE_SUPPLIES,9876543210,85.23
faktura_912.pdf,OFFICE_SUPPLIES,5371939820,5119.56
faktura_913.pdf,TRAVEL_FLEET,5261040828,4612.56
faktura_914.pdf,IT_SERVICES,1234567890,2797.61
faktura_915.pdf,IT_HARDWARE,5213456789,7689.29
faktura_916.pdf,IT_SERVICES,1234567890,7538.21
faktura_917.pdf,TRAVEL_FLEET,5261040828,2915.15
faktura_918.pdf,OFFICE_SUPPLIES,4643426615,4812.27
faktura_919.pdf,IT_SERVICES,6986805891,3977.04
faktura_920.pdf,IT_HARDWARE,5213456789,4806.76
faktura_921.pdf,TRAVEL_FLEET,2899096567,8300.07
faktura_922.pdf,TRAVEL_FLEET,5261040828,6027.34
faktura_923.pdf,OFFICE_SUPPLIES,9876543210,4165.25
faktura_924.pdf,TRAVEL_FLEET,9349375679,1090.06
faktura_925.pdf,IT_SERVICES,1234567890,2759.49
faktura_926.pdf,IT_HARDWARE,5213456789,1307.31
faktura_927.pdf,IT_SERVICES,2322545835,500.22
faktura_928.pdf,TRAVEL_FLEET,5261040828,1010.16
faktura_929.pdf,OFFICE_SUPPLIES,9876543210,2781.21
faktura_930.pdf,IT_SERVICES,1511051335,4867.27
faktura_931.pdf,TRAVEL_FLEET,6483622661,3280.59
faktura_932.pdf,OFFICE_SUPPLIES,9876543210,5429.97
faktura_933.pdf,IT_HARDWARE,5213456789,3694.13
faktura_934.pdf,IT_SERVICES,1234567890,2250.84
faktura_935.pdf,TRAVEL_FLEET,5261040828,2025.46
faktura_936.pdf,TRAVEL_FLEET,5261040828,5530.39
faktura_937.pdf,IT_HARDWARE,5213456789,4589.01
faktura_938.pdf,IT_HARDWARE,5213456789,1617.83
faktura_939.pdf,IT_SERVICES,1234567890,4764.02
faktura_940.pdf,OFFICE_SUPPLIES,9876543210,708.75
faktura_941.pdf,OFFICE_SUPPLIES,9876543210,7181.81
faktura_942.pdf,OFFICE_SUPPLIES,9876543210,1585.69
faktura_943.pdf,IT_HARDWARE,5213456789,2127.85
faktura_944.pdf,TRAVEL_FLEET,8685969699,3746.32
faktura_945.pdf,IT_SERVICES,1234567890,637.86
faktura_946.pdf,IT_SERVICES,1234567890,4064.41
faktura_947.pdf,TRAVEL_FLEET,5261040828,1511.52
faktura_948.pdf,IT_SERVICES,1234567890,3035.52
faktura_949.pdf,OFFICE_SUPPLIES,9876543210,3713.78
faktura_950.pdf,OFFICE_SUPPLIES,9876543210,5022.83
faktura_951.pdf,TRAVEL_FLEET,4661252864,5259.94
faktura_952.pdf,TRAVEL_FLEET,5261040828,3909.82
faktura_953.pdf,IT_HARDWARE,5213456789,316.59
faktura_954.pdf,OFFICE_SUPPLIES,9876543210,1825.41
faktura_955.pdf,IT_SERVICES,1234567890,3014.09
faktura_956.pdf,IT_HARDWARE,5213456789,2376.79
faktura_957.pdf,OFFICE_SUPPLIES,9876543210,3778.96
faktura_958.pdf,OFFICE_SUPPLIES,9876543210,5671.09
faktura_959.pdf,IT_HARDWARE,5213456789,1893.79
faktura_960.pdf,TRAVEL_FLEET,5261040828,3837.54
faktura_961.pdf,IT_HARDWARE,5213456789,2291.84
faktura_962.pdf,IT_HARDWARE,5213456789,3019.83
faktura_963.pdf,OFFICE_SUPPLIES,9876543210,4452.33
faktura_964.pdf,OFFICE_SUPPLIES,9876543210,3504.14
faktura_965.pdf,TRAVEL_FLEET,5261040828,4730.42
faktura_966.pdf,IT_HARDWARE,5877677212,7183.56
faktura_967.pdf,IT_SERVICES,1234567890,4002.73
faktura_968.pdf,TRAVEL_FLEET,5261040828,6154.66
faktura_969.pdf,TRAVEL_FLEET,5261040828,6674.99
faktura_970.pdf,OFFICE_SUPPLIES,9876543210,8124.51
faktura_971.pdf,IT_HARDWARE,5213456789,4647.96
faktura_972.pdf,IT_SERVICES,1234567890,4695.49
faktura_973.pdf,OFFICE_SUPPLIES,9876543210,1776.49
faktura_974.pdf,IT_HARDWARE,5213456789,5629.79
faktura_975.pdf,IT_SERVICES,5399078361,3050.74
faktura_976.pdf,OFFICE_SUPPLIES,9876543210,1993.06
faktura_977.pdf,IT_SERVICES,6221339591,2051.68
faktura_978.pdf,TRAVEL_FLEET,5261040828,5509.48
faktura_979.pdf,TRAVEL_FLEET,5261040828,4633.5
faktura_980.pdf,IT_SERVICES,1234567890,2091.32
faktura_981.pdf,IT_SERVICES,1234567890,4439.48
faktura_982.pdf,IT_HARDWARE,5213456789,2364.11
faktura_983.pdf,TRAVEL_FLEET,5261040828,1198.78
faktura_984.pdf,TRAVEL_FLEET,5261040828,3264.81
faktura_985.pdf,TRAVEL_FLEET,5261040828,2677.82
faktura_986.pdf,TRAVEL_FLEET,4238126048,5170.92
faktura_987.pdf,TRAVEL_FLEET,5261040828,1012.5
faktura_988.pdf,IT_HARDWARE,5213456789,4577.1
faktura_989.pdf,TRAVEL_FLEET,5261040828,1000.7
faktura_990.pdf,IT_SERVICES,1234567890,3356.05
faktura_991.pdf,TRAVEL_FLEET,5261040828,6817.16
faktura_992.pdf,IT_HARDWARE,5213456789,4273.58
faktura_993.pdf,IT_SERVICES,1234567890,3304.31
faktura_994.pdf,TRAVEL_FLEET,5261040828,3681.43
faktura_995.pdf,OFFICE_SUPPLIES,9876543210,616.72
faktura_996.pdf,TRAVEL_FLEET,5261040828,1345.77
faktura_997.pdf,IT_SERVICES,1234567890,661.56
faktura_998.pdf,IT_SERVICES,1234567890,3327.33
faktura_999.pdf,IT_HARDWARE,5213456789,3863.32
faktura_1000.pdf,IT_SERVICES,1234567890,3463.78
